country,state,county,series_Desc,series_id,,,,,,,,,
United States,TX,Anderson County,House Price Index,ATNHPIUS48001A,,,,,,,,,
United States,TX,Andrews County,House Price Index,ATNHPIUS48003A,,,,,,,,,
United States,TX,Angelina County,House Price Index,ATNHPIUS48005A,,,,,,,,,
United States,TX,Aransas County,House Price Index,ATNHPIUS48007A,,,,,,,,,
United States,TX,Archer County,House Price Index,ATNHPIUS48009A,,,,,,,,,
United States,TX,Armstrong County,House Price Index,ATNHPIUS48011A,,,,,,,,,
United States,TX,Atascosa County,House Price Index,ATNHPIUS48013A,,,,,,,,,
United States,TX,Austin County,House Price Index,ATNHPIUS48015A,,,,,,,,,
United States,TX,Bailey County,House Price Index,ATNHPIUS48017A,,,,,,,,,
United States,TX,Bandera County,House Price Index,ATNHPIUS48019A,,,,,,,,,
United States,TX,Bastrop County,House Price Index,ATNHPIUS48021A,,,,,,,,,
United States,TX,Baylor County,House Price Index,ATNHPIUS48023A,,,,,,,,,
United States,TX,Bee County,House Price Index,ATNHPIUS48025A,,,,,,,,,
United States,TX,Bell County,House Price Index,ATNHPIUS48027A,,,,,,,,,
United States,TX,Bexar County,House Price Index,ATNHPIUS48029A,,,,,,,,,
United States,TX,Blanco County,House Price Index,ATNHPIUS48031A,,,,,,,,,
United States,TX,Borden County,House Price Index,ATNHPIUS48033A,,,,,,,,,
United States,TX,Bosque County,House Price Index,ATNHPIUS48035A,,,,,,,,,
United States,TX,Bowie County,House Price Index,ATNHPIUS48037A,,,,,,,,,
United States,TX,Brazoria County,House Price Index,ATNHPIUS48039A,,,,,,,,,
United States,TX,Brazos County,House Price Index,ATNHPIUS48041A,,,,,,,,,
United States,TX,Brewster County,House Price Index,ATNHPIUS48043A,,,,,,,,,
United States,TX,Briscoe County,House Price Index,ATNHPIUS48045A,,,,,,,,,
United States,TX,Brooks County,House Price Index,ATNHPIUS48047A,,,,,,,,,
United States,TX,Brown County,House Price Index,ATNHPIUS48049A,,,,,,,,,
United States,TX,Burleson County,House Price Index,ATNHPIUS48051A,,,,,,,,,
United States,TX,Burnet County,House Price Index,ATNHPIUS48053A,,,,,,,,,
United States,TX,Caldwell County,House Price Index,ATNHPIUS48055A,,,,,,,,,
United States,TX,Calhoun County,House Price Index,ATNHPIUS48057A,,,,,,,,,
United States,TX,Callahan County,House Price Index,ATNHPIUS48059A,,,,,,,,,
United States,TX,Cameron County,House Price Index,ATNHPIUS48061A,,,,,,,,,
United States,TX,Camp County,House Price Index,ATNHPIUS48063A,,,,,,,,,
United States,TX,Carson County,House Price Index,ATNHPIUS48065A,,,,,,,,,
United States,TX,Cass County,House Price Index,ATNHPIUS48067A,,,,,,,,,
United States,TX,Castro County,House Price Index,ATNHPIUS48069A,,,,,,,,,
United States,TX,Chambers County,House Price Index,ATNHPIUS48071A,,,,,,,,,
United States,TX,Cherokee County,House Price Index,ATNHPIUS48073A,,,,,,,,,
United States,TX,Childress County,House Price Index,ATNHPIUS48075A,,,,,,,,,
United States,TX,Clay County,House Price Index,ATNHPIUS48077A,,,,,,,,,
United States,TX,Cochran County,House Price Index,ATNHPIUS48079A,,,,,,,,,
United States,TX,Coke County,House Price Index,ATNHPIUS48081A,,,,,,,,,
United States,TX,Coleman County,House Price Index,ATNHPIUS48083A,,,,,,,,,
United States,TX,Collin County,House Price Index,ATNHPIUS48085A,,,,,,,,,
United States,TX,Collingsworth County,House Price Index,ATNHPIUS48087A,,,,,,,,,
United States,TX,Colorado County,House Price Index,ATNHPIUS48089A,,,,,,,,,
United States,TX,Comal County,House Price Index,ATNHPIUS48091A,,,,,,,,,
United States,TX,Comanche County,House Price Index,ATNHPIUS48093A,,,,,,,,,
United States,TX,Concho County,House Price Index,ATNHPIUS48095A,,,,,,,,,
United States,TX,Cooke County,House Price Index,ATNHPIUS48097A,,,,,,,,,
United States,TX,Coryell County,House Price Index,ATNHPIUS48099A,,,,,,,,,
United States,TX,Cottle County,House Price Index,ATNHPIUS48101A,,,,,,,,,
United States,TX,Crane County,House Price Index,ATNHPIUS48103A,,,,,,,,,
United States,TX,Crockett County,House Price Index,ATNHPIUS48105A,,,,,,,,,
United States,TX,Crosby County,House Price Index,ATNHPIUS48107A,,,,,,,,,
United States,TX,Culberson County,House Price Index,ATNHPIUS48109A,,,,,,,,,
United States,TX,Dallam County,House Price Index,ATNHPIUS48111A,,,,,,,,,
United States,TX,Dallas County,House Price Index,ATNHPIUS48113A,,,,,,,,,
United States,TX,Dawson County,House Price Index,ATNHPIUS48115A,,,,,,,,,
United States,TX,Deaf Smith County,House Price Index,ATNHPIUS48117A,,,,,,,,,
United States,TX,Delta County,House Price Index,ATNHPIUS48119A,,,,,,,,,
United States,TX,Denton County,House Price Index,ATNHPIUS48121A,,,,,,,,,
United States,TX,De Witt County,House Price Index,ATNHPIUS48123A,,,,,,,,,
United States,TX,Dickens County,House Price Index,ATNHPIUS48125A,,,,,,,,,
United States,TX,Dimmit County,House Price Index,ATNHPIUS48127A,,,,,,,,,
United States,TX,Donley County,House Price Index,ATNHPIUS48129A,,,,,,,,,
United States,TX,Duval County,House Price Index,ATNHPIUS48131A,,,,,,,,,
United States,TX,Eastland County,House Price Index,ATNHPIUS48133A,,,,,,,,,
United States,TX,Ector County,House Price Index,ATNHPIUS48135A,,,,,,,,,
United States,TX,Edwards County,House Price Index,ATNHPIUS48137A,,,,,,,,,
United States,TX,Ellis County,House Price Index,ATNHPIUS48139A,,,,,,,,,
United States,TX,El Paso County,House Price Index,ATNHPIUS48141A,,,,,,,,,
United States,TX,Erath County,House Price Index,ATNHPIUS48143A,,,,,,,,,
United States,TX,Falls County,House Price Index,ATNHPIUS48145A,,,,,,,,,
United States,TX,Fannin County,House Price Index,ATNHPIUS48147A,,,,,,,,,
United States,TX,Fayette County,House Price Index,ATNHPIUS48149A,,,,,,,,,
United States,TX,Fisher County,House Price Index,ATNHPIUS48151A,,,,,,,,,
United States,TX,Floyd County,House Price Index,ATNHPIUS48153A,,,,,,,,,
United States,TX,Foard County,House Price Index,ATNHPIUS48155A,,,,,,,,,
United States,TX,Fort Bend County,House Price Index,ATNHPIUS48157A,,,,,,,,,
United States,TX,Franklin County,House Price Index,ATNHPIUS48159A,,,,,,,,,
United States,TX,Freestone County,House Price Index,ATNHPIUS48161A,,,,,,,,,
United States,TX,Frio County,House Price Index,ATNHPIUS48163A,,,,,,,,,
United States,TX,Gaines County,House Price Index,ATNHPIUS48165A,,,,,,,,,
United States,TX,Galveston County,House Price Index,ATNHPIUS48167A,,,,,,,,,
United States,TX,Garza County,House Price Index,ATNHPIUS48169A,,,,,,,,,
United States,TX,Gillespie County,House Price Index,ATNHPIUS48171A,,,,,,,,,
United States,TX,Glasscock County,House Price Index,ATNHPIUS48173A,,,,,,,,,
United States,TX,Goliad County,House Price Index,ATNHPIUS48175A,,,,,,,,,
United States,TX,Gonzales County,House Price Index,ATNHPIUS48177A,,,,,,,,,
United States,TX,Gray County,House Price Index,ATNHPIUS48179A,,,,,,,,,
United States,TX,Grayson County,House Price Index,ATNHPIUS48181A,,,,,,,,,
United States,TX,Gregg County,House Price Index,ATNHPIUS48183A,,,,,,,,,
United States,TX,Grimes County,House Price Index,ATNHPIUS48185A,,,,,,,,,
United States,TX,Guadalupe County,House Price Index,ATNHPIUS48187A,,,,,,,,,
United States,TX,Hale County,House Price Index,ATNHPIUS48189A,,,,,,,,,
United States,TX,Hall County,House Price Index,ATNHPIUS48191A,,,,,,,,,
United States,TX,Hamilton County,House Price Index,ATNHPIUS48193A,,,,,,,,,
United States,TX,Hansford County,House Price Index,ATNHPIUS48195A,,,,,,,,,
United States,TX,Hardeman County,House Price Index,ATNHPIUS48197A,,,,,,,,,
United States,TX,Hardin County,House Price Index,ATNHPIUS48199A,,,,,,,,,
United States,TX,Harris County,House Price Index,ATNHPIUS48201A,,,,,,,,,
United States,TX,Harrison County,House Price Index,ATNHPIUS48203A,,,,,,,,,
United States,TX,Hartley County,House Price Index,ATNHPIUS48205A,,,,,,,,,
United States,TX,Haskell County,House Price Index,ATNHPIUS48207A,,,,,,,,,
United States,TX,Hays County,House Price Index,ATNHPIUS48209A,,,,,,,,,
United States,TX,Hemphill County,House Price Index,ATNHPIUS48211A,,,,,,,,,
United States,TX,Henderson County,House Price Index,ATNHPIUS48213A,,,,,,,,,
United States,TX,Hidalgo County,House Price Index,ATNHPIUS48215A,,,,,,,,,
United States,TX,Hill County,House Price Index,ATNHPIUS48217A,,,,,,,,,
United States,TX,Hockley County,House Price Index,ATNHPIUS48219A,,,,,,,,,
United States,TX,Hood County,House Price Index,ATNHPIUS48221A,,,,,,,,,
United States,TX,Hopkins County,House Price Index,ATNHPIUS48223A,,,,,,,,,
United States,TX,Houston County,House Price Index,ATNHPIUS48225A,,,,,,,,,
United States,TX,Howard County,House Price Index,ATNHPIUS48227A,,,,,,,,,
United States,TX,Hudspeth County,House Price Index,ATNHPIUS48229A,,,,,,,,,
United States,TX,Hunt County,House Price Index,ATNHPIUS48231A,,,,,,,,,
United States,TX,Hutchinson County,House Price Index,ATNHPIUS48233A,,,,,,,,,
United States,TX,Irion County,House Price Index,ATNHPIUS48235A,,,,,,,,,
United States,TX,Jack County,House Price Index,ATNHPIUS48237A,,,,,,,,,
United States,TX,Jackson County,House Price Index,ATNHPIUS48239A,,,,,,,,,
United States,TX,Jasper County,House Price Index,ATNHPIUS48241A,,,,,,,,,
United States,TX,Jeff Davis County,House Price Index,ATNHPIUS48243A,,,,,,,,,
United States,TX,Jefferson County,House Price Index,ATNHPIUS48245A,,,,,,,,,
United States,TX,Jim Hogg County,House Price Index,ATNHPIUS48247A,,,,,,,,,
United States,TX,Jim Wells County,House Price Index,ATNHPIUS48249A,,,,,,,,,
United States,TX,Johnson County,House Price Index,ATNHPIUS48251A,,,,,,,,,
United States,TX,Jones County,House Price Index,ATNHPIUS48253A,,,,,,,,,
United States,TX,Karnes County,House Price Index,ATNHPIUS48255A,,,,,,,,,
United States,TX,Kaufman County,House Price Index,ATNHPIUS48257A,,,,,,,,,
United States,TX,Kendall County,House Price Index,ATNHPIUS48259A,,,,,,,,,
United States,TX,Kenedy County,House Price Index,ATNHPIUS48261A,,,,,,,,,
United States,TX,Kent County,House Price Index,ATNHPIUS48263A,,,,,,,,,
United States,TX,Kerr County,House Price Index,ATNHPIUS48265A,,,,,,,,,
United States,TX,Kimble County,House Price Index,ATNHPIUS48267A,,,,,,,,,
United States,TX,King County,House Price Index,ATNHPIUS48269A,,,,,,,,,
United States,TX,Kinney County,House Price Index,ATNHPIUS48271A,,,,,,,,,
United States,TX,Kleberg County,House Price Index,ATNHPIUS48273A,,,,,,,,,
United States,TX,Knox County,House Price Index,ATNHPIUS48275A,,,,,,,,,
United States,TX,Lamar County,House Price Index,ATNHPIUS48277A,,,,,,,,,
United States,TX,Lamb County,House Price Index,ATNHPIUS48279A,,,,,,,,,
United States,TX,Lampasas County,House Price Index,ATNHPIUS48281A,,,,,,,,,
United States,TX,La Salle County,House Price Index,ATNHPIUS48283A,,,,,,,,,
United States,TX,Lavaca County,House Price Index,ATNHPIUS48285A,,,,,,,,,
United States,TX,Lee County,House Price Index,ATNHPIUS48287A,,,,,,,,,
United States,TX,Leon County,House Price Index,ATNHPIUS48289A,,,,,,,,,
United States,TX,Liberty County,House Price Index,ATNHPIUS48291A,,,,,,,,,
United States,TX,Limestone County,House Price Index,ATNHPIUS48293A,,,,,,,,,
United States,TX,Lipscomb County,House Price Index,ATNHPIUS48295A,,,,,,,,,
United States,TX,Live Oak County,House Price Index,ATNHPIUS48297A,,,,,,,,,
United States,TX,Llano County,House Price Index,ATNHPIUS48299A,,,,,,,,,
United States,TX,Loving County,House Price Index,ATNHPIUS48301A,,,,,,,,,
United States,TX,Lubbock County,House Price Index,ATNHPIUS48303A,,,,,,,,,
United States,TX,Lynn County,House Price Index,ATNHPIUS48305A,,,,,,,,,
United States,TX,Madison County,House Price Index,ATNHPIUS48307A,,,,,,,,,
United States,TX,Marion County,House Price Index,ATNHPIUS48309A,,,,,,,,,
United States,TX,Martin County,House Price Index,ATNHPIUS48311A,,,,,,,,,
United States,TX,Mason County,House Price Index,ATNHPIUS48313A,,,,,,,,,
United States,TX,Matagorda County,House Price Index,ATNHPIUS48315A,,,,,,,,,
United States,TX,Maverick County,House Price Index,ATNHPIUS48317A,,,,,,,,,
United States,TX,McCulloch County,House Price Index,ATNHPIUS48319A,,,,,,,,,
United States,TX,McLennan County,House Price Index,ATNHPIUS48321A,,,,,,,,,
United States,TX,McMullen County,House Price Index,ATNHPIUS48323A,,,,,,,,,
United States,TX,Medina County,House Price Index,ATNHPIUS48325A,,,,,,,,,
United States,TX,Menard County,House Price Index,ATNHPIUS48327A,,,,,,,,,
United States,TX,Midland County,House Price Index,ATNHPIUS48329A,,,,,,,,,
United States,TX,Milam County,House Price Index,ATNHPIUS48331A,,,,,,,,,
United States,TX,Mills County,House Price Index,ATNHPIUS48333A,,,,,,,,,
United States,TX,Mitchell County,House Price Index,ATNHPIUS48335A,,,,,,,,,
United States,TX,Montague County,House Price Index,ATNHPIUS48337A,,,,,,,,,
United States,TX,Montgomery County,House Price Index,ATNHPIUS48339A,,,,,,,,,
United States,TX,Moore County,House Price Index,ATNHPIUS48341A,,,,,,,,,
United States,TX,Morris County,House Price Index,ATNHPIUS48343A,,,,,,,,,
United States,TX,Motley County,House Price Index,ATNHPIUS48345A,,,,,,,,,
United States,TX,Nacogdoches County,House Price Index,ATNHPIUS48347A,,,,,,,,,
United States,TX,Navarro County,House Price Index,ATNHPIUS48349A,,,,,,,,,
United States,TX,Newton County,House Price Index,ATNHPIUS48351A,,,,,,,,,
United States,TX,Nolan County,House Price Index,ATNHPIUS48353A,,,,,,,,,
United States,TX,Nueces County,House Price Index,ATNHPIUS48355A,,,,,,,,,
United States,TX,Ochiltree County,House Price Index,ATNHPIUS48357A,,,,,,,,,
United States,TX,Oldham County,House Price Index,ATNHPIUS48359A,,,,,,,,,
United States,TX,Orange County,House Price Index,ATNHPIUS48361A,,,,,,,,,
United States,TX,Palo Pinto County,House Price Index,ATNHPIUS48363A,,,,,,,,,
United States,TX,Panola County,House Price Index,ATNHPIUS48365A,,,,,,,,,
United States,TX,Parker County,House Price Index,ATNHPIUS48367A,,,,,,,,,
United States,TX,Parmer County,House Price Index,ATNHPIUS48369A,,,,,,,,,
United States,TX,Pecos County,House Price Index,ATNHPIUS48371A,,,,,,,,,
United States,TX,Polk County,House Price Index,ATNHPIUS48373A,,,,,,,,,
United States,TX,Potter County,House Price Index,ATNHPIUS48375A,,,,,,,,,
United States,TX,Presidio County,House Price Index,ATNHPIUS48377A,,,,,,,,,
United States,TX,Rains County,House Price Index,ATNHPIUS48379A,,,,,,,,,
United States,TX,Randall County,House Price Index,ATNHPIUS48381A,,,,,,,,,
United States,TX,Reagan County,House Price Index,ATNHPIUS48383A,,,,,,,,,
United States,TX,Real County,House Price Index,ATNHPIUS48385A,,,,,,,,,
United States,TX,Red River County,House Price Index,ATNHPIUS48387A,,,,,,,,,
United States,TX,Reeves County,House Price Index,ATNHPIUS48389A,,,,,,,,,
United States,TX,Refugio County,House Price Index,ATNHPIUS48391A,,,,,,,,,
United States,TX,Roberts County,House Price Index,ATNHPIUS48393A,,,,,,,,,
United States,TX,Robertson County,House Price Index,ATNHPIUS48395A,,,,,,,,,
United States,TX,Rockwall County,House Price Index,ATNHPIUS48397A,,,,,,,,,
United States,TX,Runnels County,House Price Index,ATNHPIUS48399A,,,,,,,,,
United States,TX,Rusk County,House Price Index,ATNHPIUS48401A,,,,,,,,,
United States,TX,Sabine County,House Price Index,ATNHPIUS48403A,,,,,,,,,
United States,TX,San Augustine County,House Price Index,ATNHPIUS48405A,,,,,,,,,
United States,TX,San Jacinto County,House Price Index,ATNHPIUS48407A,,,,,,,,,
United States,TX,San Patricio County,House Price Index,ATNHPIUS48409A,,,,,,,,,
United States,TX,San Saba County,House Price Index,ATNHPIUS48411A,,,,,,,,,
United States,TX,Schleicher County,House Price Index,ATNHPIUS48413A,,,,,,,,,
United States,TX,Scurry County,House Price Index,ATNHPIUS48415A,,,,,,,,,
United States,TX,Shackelford County,House Price Index,ATNHPIUS48417A,,,,,,,,,
United States,TX,Shelby County,House Price Index,ATNHPIUS48419A,,,,,,,,,
United States,TX,Sherman County,House Price Index,ATNHPIUS48421A,,,,,,,,,
United States,TX,Smith County,House Price Index,ATNHPIUS48423A,,,,,,,,,
United States,TX,Somervell County,House Price Index,ATNHPIUS48425A,,,,,,,,,
United States,TX,Starr County,House Price Index,ATNHPIUS48427A,,,,,,,,,
United States,TX,Stephens County,House Price Index,ATNHPIUS48429A,,,,,,,,,
United States,TX,Sterling County,House Price Index,ATNHPIUS48431A,,,,,,,,,
United States,TX,Stonewall County,House Price Index,ATNHPIUS48433A,,,,,,,,,
United States,TX,Sutton County,House Price Index,ATNHPIUS48435A,,,,,,,,,
United States,TX,Swisher County,House Price Index,ATNHPIUS48437A,,,,,,,,,
United States,TX,Tarrant County,House Price Index,ATNHPIUS48439A,,,,,,,,,
United States,TX,Taylor County,House Price Index,ATNHPIUS48441A,,,,,,,,,
United States,TX,Terrell County,House Price Index,ATNHPIUS48443A,,,,,,,,,
United States,TX,Terry County,House Price Index,ATNHPIUS48445A,,,,,,,,,
United States,TX,Throckmorton County,House Price Index,ATNHPIUS48447A,,,,,,,,,
United States,TX,Titus County,House Price Index,ATNHPIUS48449A,,,,,,,,,
United States,TX,Tom Green County,House Price Index,ATNHPIUS48451A,,,,,,,,,
United States,TX,Travis County,House Price Index,ATNHPIUS48453A,,,,,,,,,
United States,TX,Trinity County,House Price Index,ATNHPIUS48455A,,,,,,,,,
United States,TX,Tyler County,House Price Index,ATNHPIUS48457A,,,,,,,,,
United States,TX,Upshur County,House Price Index,ATNHPIUS48459A,,,,,,,,,
United States,TX,Upton County,House Price Index,ATNHPIUS48461A,,,,,,,,,
United States,TX,Uvalde County,House Price Index,ATNHPIUS48463A,,,,,,,,,
United States,TX,Val Verde County,House Price Index,ATNHPIUS48465A,,,,,,,,,
United States,TX,Van Zandt County,House Price Index,ATNHPIUS48467A,,,,,,,,,
United States,TX,Victoria County,House Price Index,ATNHPIUS48469A,,,,,,,,,
United States,TX,Walker County,House Price Index,ATNHPIUS48471A,,,,,,,,,
United States,TX,Waller County,House Price Index,ATNHPIUS48473A,,,,,,,,,
United States,TX,Ward County,House Price Index,ATNHPIUS48475A,,,,,,,,,
United States,TX,Washington County,House Price Index,ATNHPIUS48477A,,,,,,,,,
United States,TX,Webb County,House Price Index,ATNHPIUS48479A,,,,,,,,,
United States,TX,Wharton County,House Price Index,ATNHPIUS48481A,,,,,,,,,
United States,TX,Wheeler County,House Price Index,ATNHPIUS48483A,,,,,,,,,
United States,TX,Wichita County,House Price Index,ATNHPIUS48485A,,,,,,,,,
United States,TX,Wilbarger County,House Price Index,ATNHPIUS48487A,,,,,,,,,
United States,TX,Willacy County,House Price Index,ATNHPIUS48489A,,,,,,,,,
United States,TX,Williamson County,House Price Index,ATNHPIUS48491A,,,,,,,,,
United States,TX,Wilson County,House Price Index,ATNHPIUS48493A,,,,,,,,,
United States,TX,Winkler County,House Price Index,ATNHPIUS48495A,,,,,,,,,
United States,TX,Wise County,House Price Index,ATNHPIUS48497A,,,,,,,,,
United States,TX,Wood County,House Price Index,ATNHPIUS48499A,,,,,,,,,
United States,TX,Yoakum County,House Price Index,ATNHPIUS48501A,,,,,,,,,
United States,TX,Young County,House Price Index,ATNHPIUS48503A,,,,,,,,,
United States,TX,Zapata County,House Price Index,ATNHPIUS48505A,,,,,,,,,
United States,TX,Zavala County,House Price Index,ATNHPIUS58507A,,,,,,,,,
United States,TX,Anderson County,Household Income,MHITX48001A052NCEN,,,,,,,,,
United States,TX,Andrews County,Household Income,MHITX48003A052NCEN,,,,,,,,,
United States,TX,Angelina County,Household Income,MHITX48005A052NCEN,,,,,,,,,
United States,TX,Aransas County,Household Income,MHITX48007A052NCEN,,,,,,,,,
United States,TX,Archer County,Household Income,MHITX48009A052NCEN,,,,,,,,,
United States,TX,Armstrong County,Household Income,MHITX48011A052NCEN,,,,,,,,,
United States,TX,Atascosa County,Household Income,MHITX48013A052NCEN,,,,,,,,,
United States,TX,Austin County,Household Income,MHITX48015A052NCEN,,,,,,,,,
United States,TX,Bailey County,Household Income,MHITX48017A052NCEN,,,,,,,,,
United States,TX,Bandera County,Household Income,MHITX48019A052NCEN,,,,,,,,,
United States,TX,Bastrop County,Household Income,MHITX48021A052NCEN,,,,,,,,,
United States,TX,Baylor County,Household Income,MHITX48023A052NCEN,,,,,,,,,
United States,TX,Bee County,Household Income,MHITX48025A052NCEN,,,,,,,,,
United States,TX,Bell County,Household Income,MHITX48027A052NCEN,,,,,,,,,
United States,TX,Bexar County,Household Income,MHITX48029A052NCEN,,,,,,,,,
United States,TX,Blanco County,Household Income,MHITX48031A052NCEN,,,,,,,,,
United States,TX,Borden County,Household Income,MHITX48033A052NCEN,,,,,,,,,
United States,TX,Bosque County,Household Income,MHITX48035A052NCEN,,,,,,,,,
United States,TX,Bowie County,Household Income,MHITX48037A052NCEN,,,,,,,,,
United States,TX,Brazoria County,Household Income,MHITX48039A052NCEN,,,,,,,,,
United States,TX,Brazos County,Household Income,MHITX48041A052NCEN,,,,,,,,,
United States,TX,Brewster County,Household Income,MHITX48043A052NCEN,,,,,,,,,
United States,TX,Briscoe County,Household Income,MHITX48045A052NCEN,,,,,,,,,
United States,TX,Brooks County,Household Income,MHITX48047A052NCEN,,,,,,,,,
United States,TX,Brown County,Household Income,MHITX48049A052NCEN,,,,,,,,,
United States,TX,Burleson County,Household Income,MHITX48051A052NCEN,,,,,,,,,
United States,TX,Burnet County,Household Income,MHITX48053A052NCEN,,,,,,,,,
United States,TX,Caldwell County,Household Income,MHITX48055A052NCEN,,,,,,,,,
United States,TX,Calhoun County,Household Income,MHITX48057A052NCEN,,,,,,,,,
United States,TX,Callahan County,Household Income,MHITX48059A052NCEN,,,,,,,,,
United States,TX,Cameron County,Household Income,MHITX48061A052NCEN,,,,,,,,,
United States,TX,Camp County,Household Income,MHITX48063A052NCEN,,,,,,,,,
United States,TX,Carson County,Household Income,MHITX48065A052NCEN,,,,,,,,,
United States,TX,Cass County,Household Income,MHITX48067A052NCEN,,,,,,,,,
United States,TX,Castro County,Household Income,MHITX48069A052NCEN,,,,,,,,,
United States,TX,Chambers County,Household Income,MHITX48071A052NCEN,,,,,,,,,
United States,TX,Cherokee County,Household Income,MHITX48073A052NCEN,,,,,,,,,
United States,TX,Childress County,Household Income,MHITX48075A052NCEN,,,,,,,,,
United States,TX,Clay County,Household Income,MHITX48077A052NCEN,,,,,,,,,
United States,TX,Cochran County,Household Income,MHITX48079A052NCEN,,,,,,,,,
United States,TX,Coke County,Household Income,MHITX48081A052NCEN,,,,,,,,,
United States,TX,Coleman County,Household Income,MHITX48083A052NCEN,,,,,,,,,
United States,TX,Collin County,Household Income,MHITX48085A052NCEN,,,,,,,,,
United States,TX,Collingsworth County,Household Income,MHITX48087A052NCEN,,,,,,,,,
United States,TX,Colorado County,Household Income,MHITX48089A052NCEN,,,,,,,,,
United States,TX,Comal County,Household Income,MHITX48091A052NCEN,,,,,,,,,
United States,TX,Comanche County,Household Income,MHITX48093A052NCEN,,,,,,,,,
United States,TX,Concho County,Household Income,MHITX48095A052NCEN,,,,,,,,,
United States,TX,Cooke County,Household Income,MHITX48097A052NCEN,,,,,,,,,
United States,TX,Coryell County,Household Income,MHITX48099A052NCEN,,,,,,,,,
United States,TX,Cottle County,Household Income,MHITX48101A052NCEN,,,,,,,,,
United States,TX,Crane County,Household Income,MHITX48103A052NCEN,,,,,,,,,
United States,TX,Crockett County,Household Income,MHITX48105A052NCEN,,,,,,,,,
United States,TX,Crosby County,Household Income,MHITX48107A052NCEN,,,,,,,,,
United States,TX,Culberson County,Household Income,MHITX48109A052NCEN,,,,,,,,,
United States,TX,Dallam County,Household Income,MHITX48111A052NCEN,,,,,,,,,
United States,TX,Dallas County,Household Income,MHITX48113A052NCEN,,,,,,,,,
United States,TX,Dawson County,Household Income,MHITX48115A052NCEN,,,,,,,,,
United States,TX,Deaf Smith County,Household Income,MHITX48117A052NCEN,,,,,,,,,
United States,TX,Delta County,Household Income,MHITX48119A052NCEN,,,,,,,,,
United States,TX,Denton County,Household Income,MHITX48121A052NCEN,,,,,,,,,
United States,TX,De Witt County,Household Income,MHITX48123A052NCEN,,,,,,,,,
United States,TX,Dickens County,Household Income,MHITX48125A052NCEN,,,,,,,,,
United States,TX,Dimmit County,Household Income,MHITX48127A052NCEN,,,,,,,,,
United States,TX,Donley County,Household Income,MHITX48129A052NCEN,,,,,,,,,
United States,TX,Duval County,Household Income,MHITX48131A052NCEN,,,,,,,,,
United States,TX,Eastland County,Household Income,MHITX48133A052NCEN,,,,,,,,,
United States,TX,Ector County,Household Income,MHITX48135A052NCEN,,,,,,,,,
United States,TX,Edwards County,Household Income,MHITX48137A052NCEN,,,,,,,,,
United States,TX,Ellis County,Household Income,MHITX48139A052NCEN,,,,,,,,,
United States,TX,El Paso County,Household Income,MHITX48141A052NCEN,,,,,,,,,
United States,TX,Erath County,Household Income,MHITX48143A052NCEN,,,,,,,,,
United States,TX,Falls County,Household Income,MHITX48145A052NCEN,,,,,,,,,
United States,TX,Fannin County,Household Income,MHITX48147A052NCEN,,,,,,,,,
United States,TX,Fayette County,Household Income,MHITX48149A052NCEN,,,,,,,,,
United States,TX,Fisher County,Household Income,MHITX48151A052NCEN,,,,,,,,,
United States,TX,Floyd County,Household Income,MHITX48153A052NCEN,,,,,,,,,
United States,TX,Foard County,Household Income,MHITX48155A052NCEN,,,,,,,,,
United States,TX,Fort Bend County,Household Income,MHITX48157A052NCEN,,,,,,,,,
United States,TX,Franklin County,Household Income,MHITX48159A052NCEN,,,,,,,,,
United States,TX,Freestone County,Household Income,MHITX48161A052NCEN,,,,,,,,,
United States,TX,Frio County,Household Income,MHITX48163A052NCEN,,,,,,,,,
United States,TX,Gaines County,Household Income,MHITX48165A052NCEN,,,,,,,,,
United States,TX,Galveston County,Household Income,MHITX48167A052NCEN,,,,,,,,,
United States,TX,Garza County,Household Income,MHITX48169A052NCEN,,,,,,,,,
United States,TX,Gillespie County,Household Income,MHITX48171A052NCEN,,,,,,,,,
United States,TX,Glasscock County,Household Income,MHITX48173A052NCEN,,,,,,,,,
United States,TX,Goliad County,Household Income,MHITX48175A052NCEN,,,,,,,,,
United States,TX,Gonzales County,Household Income,MHITX48177A052NCEN,,,,,,,,,
United States,TX,Gray County,Household Income,MHITX48179A052NCEN,,,,,,,,,
United States,TX,Grayson County,Household Income,MHITX48181A052NCEN,,,,,,,,,
United States,TX,Gregg County,Household Income,MHITX48183A052NCEN,,,,,,,,,
United States,TX,Grimes County,Household Income,MHITX48185A052NCEN,,,,,,,,,
United States,TX,Guadalupe County,Household Income,MHITX48187A052NCEN,,,,,,,,,
United States,TX,Hale County,Household Income,MHITX48189A052NCEN,,,,,,,,,
United States,TX,Hall County,Household Income,MHITX48191A052NCEN,,,,,,,,,
United States,TX,Hamilton County,Household Income,MHITX48193A052NCEN,,,,,,,,,
United States,TX,Hansford County,Household Income,MHITX48195A052NCEN,,,,,,,,,
United States,TX,Hardeman County,Household Income,MHITX48197A052NCEN,,,,,,,,,
United States,TX,Hardin County,Household Income,MHITX48199A052NCEN,,,,,,,,,
United States,TX,Harris County,Household Income,MHITX48201A052NCEN,,,,,,,,,
United States,TX,Harrison County,Household Income,MHITX48203A052NCEN,,,,,,,,,
United States,TX,Hartley County,Household Income,MHITX48205A052NCEN,,,,,,,,,
United States,TX,Haskell County,Household Income,MHITX48207A052NCEN,,,,,,,,,
United States,TX,Hays County,Household Income,MHITX48209A052NCEN,,,,,,,,,
United States,TX,Hemphill County,Household Income,MHITX48211A052NCEN,,,,,,,,,
United States,TX,Henderson County,Household Income,MHITX48213A052NCEN,,,,,,,,,
United States,TX,Hidalgo County,Household Income,MHITX48215A052NCEN,,,,,,,,,
United States,TX,Hill County,Household Income,MHITX48217A052NCEN,,,,,,,,,
United States,TX,Hockley County,Household Income,MHITX48219A052NCEN,,,,,,,,,
United States,TX,Hood County,Household Income,MHITX48221A052NCEN,,,,,,,,,
United States,TX,Hopkins County,Household Income,MHITX48223A052NCEN,,,,,,,,,
United States,TX,Houston County,Household Income,MHITX48225A052NCEN,,,,,,,,,
United States,TX,Howard County,Household Income,MHITX48227A052NCEN,,,,,,,,,
United States,TX,Hudspeth County,Household Income,MHITX48229A052NCEN,,,,,,,,,
United States,TX,Hunt County,Household Income,MHITX48231A052NCEN,,,,,,,,,
United States,TX,Hutchinson County,Household Income,MHITX48233A052NCEN,,,,,,,,,
United States,TX,Irion County,Household Income,MHITX48235A052NCEN,,,,,,,,,
United States,TX,Jack County,Household Income,MHITX48237A052NCEN,,,,,,,,,
United States,TX,Jackson County,Household Income,MHITX48239A052NCEN,,,,,,,,,
United States,TX,Jasper County,Household Income,MHITX48241A052NCEN,,,,,,,,,
United States,TX,Jeff Davis County,Household Income,MHITX48243A052NCEN,,,,,,,,,
United States,TX,Jefferson County,Household Income,MHITX48245A052NCEN,,,,,,,,,
United States,TX,Jim Hogg County,Household Income,MHITX48247A052NCEN,,,,,,,,,
United States,TX,Jim Wells County,Household Income,MHITX48249A052NCEN,,,,,,,,,
United States,TX,Johnson County,Household Income,MHITX48251A052NCEN,,,,,,,,,
United States,TX,Jones County,Household Income,MHITX48253A052NCEN,,,,,,,,,
United States,TX,Karnes County,Household Income,MHITX48255A052NCEN,,,,,,,,,
United States,TX,Kaufman County,Household Income,MHITX48257A052NCEN,,,,,,,,,
United States,TX,Kendall County,Household Income,MHITX48259A052NCEN,,,,,,,,,
United States,TX,Kenedy County,Household Income,MHITX48261A052NCEN,,,,,,,,,
United States,TX,Kent County,Household Income,MHITX48263A052NCEN,,,,,,,,,
United States,TX,Kerr County,Household Income,MHITX48265A052NCEN,,,,,,,,,
United States,TX,Kimble County,Household Income,MHITX48267A052NCEN,,,,,,,,,
United States,TX,King County,Household Income,MHITX48269A052NCEN,,,,,,,,,
United States,TX,Kinney County,Household Income,MHITX48271A052NCEN,,,,,,,,,
United States,TX,Kleberg County,Household Income,MHITX48273A052NCEN,,,,,,,,,
United States,TX,Knox County,Household Income,MHITX48275A052NCEN,,,,,,,,,
United States,TX,Lamar County,Household Income,MHITX48277A052NCEN,,,,,,,,,
United States,TX,Lamb County,Household Income,MHITX48279A052NCEN,,,,,,,,,
United States,TX,Lampasas County,Household Income,MHITX48281A052NCEN,,,,,,,,,
United States,TX,La Salle County,Household Income,MHITX48283A052NCEN,,,,,,,,,
United States,TX,Lavaca County,Household Income,MHITX48285A052NCEN,,,,,,,,,
United States,TX,Lee County,Household Income,MHITX48287A052NCEN,,,,,,,,,
United States,TX,Leon County,Household Income,MHITX48289A052NCEN,,,,,,,,,
United States,TX,Liberty County,Household Income,MHITX48291A052NCEN,,,,,,,,,
United States,TX,Limestone County,Household Income,MHITX48293A052NCEN,,,,,,,,,
United States,TX,Lipscomb County,Household Income,MHITX48295A052NCEN,,,,,,,,,
United States,TX,Live Oak County,Household Income,MHITX48297A052NCEN,,,,,,,,,
United States,TX,Llano County,Household Income,MHITX48299A052NCEN,,,,,,,,,
United States,TX,Loving County,Household Income,MHITX48301A052NCEN,,,,,,,,,
United States,TX,Lubbock County,Household Income,MHITX48303A052NCEN,,,,,,,,,
United States,TX,Lynn County,Household Income,MHITX48305A052NCEN,,,,,,,,,
United States,TX,Madison County,Household Income,MHITX48307A052NCEN,,,,,,,,,
United States,TX,Marion County,Household Income,MHITX48309A052NCEN,,,,,,,,,
United States,TX,Martin County,Household Income,MHITX48311A052NCEN,,,,,,,,,
United States,TX,Mason County,Household Income,MHITX48313A052NCEN,,,,,,,,,
United States,TX,Matagorda County,Household Income,MHITX48315A052NCEN,,,,,,,,,
United States,TX,Maverick County,Household Income,MHITX48317A052NCEN,,,,,,,,,
United States,TX,McCulloch County,Household Income,MHITX48319A052NCEN,,,,,,,,,
United States,TX,McLennan County,Household Income,MHITX48321A052NCEN,,,,,,,,,
United States,TX,McMullen County,Household Income,MHITX48323A052NCEN,,,,,,,,,
United States,TX,Medina County,Household Income,MHITX48325A052NCEN,,,,,,,,,
United States,TX,Menard County,Household Income,MHITX48327A052NCEN,,,,,,,,,
United States,TX,Midland County,Household Income,MHITX48329A052NCEN,,,,,,,,,
United States,TX,Milam County,Household Income,MHITX48331A052NCEN,,,,,,,,,
United States,TX,Mills County,Household Income,MHITX48333A052NCEN,,,,,,,,,
United States,TX,Mitchell County,Household Income,MHITX48335A052NCEN,,,,,,,,,
United States,TX,Montague County,Household Income,MHITX48337A052NCEN,,,,,,,,,
United States,TX,Montgomery County,Household Income,MHITX48339A052NCEN,,,,,,,,,
United States,TX,Moore County,Household Income,MHITX48341A052NCEN,,,,,,,,,
United States,TX,Morris County,Household Income,MHITX48343A052NCEN,,,,,,,,,
United States,TX,Motley County,Household Income,MHITX48345A052NCEN,,,,,,,,,
United States,TX,Nacogdoches County,Household Income,MHITX48347A052NCEN,,,,,,,,,
United States,TX,Navarro County,Household Income,MHITX48349A052NCEN,,,,,,,,,
United States,TX,Newton County,Household Income,MHITX48351A052NCEN,,,,,,,,,
United States,TX,Nolan County,Household Income,MHITX48353A052NCEN,,,,,,,,,
United States,TX,Nueces County,Household Income,MHITX48355A052NCEN,,,,,,,,,
United States,TX,Ochiltree County,Household Income,MHITX48357A052NCEN,,,,,,,,,
United States,TX,Oldham County,Household Income,MHITX48359A052NCEN,,,,,,,,,
United States,TX,Orange County,Household Income,MHITX48361A052NCEN,,,,,,,,,
United States,TX,Palo Pinto County,Household Income,MHITX48363A052NCEN,,,,,,,,,
United States,TX,Panola County,Household Income,MHITX48365A052NCEN,,,,,,,,,
United States,TX,Parker County,Household Income,MHITX48367A052NCEN,,,,,,,,,
United States,TX,Parmer County,Household Income,MHITX48369A052NCEN,,,,,,,,,
United States,TX,Pecos County,Household Income,MHITX48371A052NCEN,,,,,,,,,
United States,TX,Polk County,Household Income,MHITX48373A052NCEN,,,,,,,,,
United States,TX,Potter County,Household Income,MHITX48375A052NCEN,,,,,,,,,
United States,TX,Presidio County,Household Income,MHITX48377A052NCEN,,,,,,,,,
United States,TX,Rains County,Household Income,MHITX48379A052NCEN,,,,,,,,,
United States,TX,Randall County,Household Income,MHITX48381A052NCEN,,,,,,,,,
United States,TX,Reagan County,Household Income,MHITX48383A052NCEN,,,,,,,,,
United States,TX,Real County,Household Income,MHITX48385A052NCEN,,,,,,,,,
United States,TX,Red River County,Household Income,MHITX48387A052NCEN,,,,,,,,,
United States,TX,Reeves County,Household Income,MHITX48389A052NCEN,,,,,,,,,
United States,TX,Refugio County,Household Income,MHITX48391A052NCEN,,,,,,,,,
United States,TX,Roberts County,Household Income,MHITX48393A052NCEN,,,,,,,,,
United States,TX,Robertson County,Household Income,MHITX48395A052NCEN,,,,,,,,,
United States,TX,Rockwall County,Household Income,MHITX48397A052NCEN,,,,,,,,,
United States,TX,Runnels County,Household Income,MHITX48399A052NCEN,,,,,,,,,
United States,TX,Rusk County,Household Income,MHITX48401A052NCEN,,,,,,,,,
United States,TX,Sabine County,Household Income,MHITX48403A052NCEN,,,,,,,,,
United States,TX,San Augustine County,Household Income,MHITX48405A052NCEN,,,,,,,,,
United States,TX,San Jacinto County,Household Income,MHITX48407A052NCEN,,,,,,,,,
United States,TX,San Patricio County,Household Income,MHITX48409A052NCEN,,,,,,,,,
United States,TX,San Saba County,Household Income,MHITX48411A052NCEN,,,,,,,,,
United States,TX,Schleicher County,Household Income,MHITX48413A052NCEN,,,,,,,,,
United States,TX,Scurry County,Household Income,MHITX48415A052NCEN,,,,,,,,,
United States,TX,Shackelford County,Household Income,MHITX48417A052NCEN,,,,,,,,,
United States,TX,Shelby County,Household Income,MHITX48419A052NCEN,,,,,,,,,
United States,TX,Sherman County,Household Income,MHITX48421A052NCEN,,,,,,,,,
United States,TX,Smith County,Household Income,MHITX48423A052NCEN,,,,,,,,,
United States,TX,Somervell County,Household Income,MHITX48425A052NCEN,,,,,,,,,
United States,TX,Starr County,Household Income,MHITX48427A052NCEN,,,,,,,,,
United States,TX,Stephens County,Household Income,MHITX48429A052NCEN,,,,,,,,,
United States,TX,Sterling County,Household Income,MHITX48431A052NCEN,,,,,,,,,
United States,TX,Stonewall County,Household Income,MHITX48433A052NCEN,,,,,,,,,
United States,TX,Sutton County,Household Income,MHITX48435A052NCEN,,,,,,,,,
United States,TX,Swisher County,Household Income,MHITX48437A052NCEN,,,,,,,,,
United States,TX,Tarrant County,Household Income,MHITX48439A052NCEN,,,,,,,,,
United States,TX,Taylor County,Household Income,MHITX48441A052NCEN,,,,,,,,,
United States,TX,Terrell County,Household Income,MHITX48443A052NCEN,,,,,,,,,
United States,TX,Terry County,Household Income,MHITX48445A052NCEN,,,,,,,,,
United States,TX,Throckmorton County,Household Income,MHITX48447A052NCEN,,,,,,,,,
United States,TX,Titus County,Household Income,MHITX48449A052NCEN,,,,,,,,,
United States,TX,Tom Green County,Household Income,MHITX48451A052NCEN,,,,,,,,,
United States,TX,Travis County,Household Income,MHITX48453A052NCEN,,,,,,,,,
United States,TX,Trinity County,Household Income,MHITX48455A052NCEN,,,,,,,,,
United States,TX,Tyler County,Household Income,MHITX48457A052NCEN,,,,,,,,,
United States,TX,Upshur County,Household Income,MHITX48459A052NCEN,,,,,,,,,
United States,TX,Upton County,Household Income,MHITX48461A052NCEN,,,,,,,,,
United States,TX,Uvalde County,Household Income,MHITX48463A052NCEN,,,,,,,,,
United States,TX,Val Verde County,Household Income,MHITX48465A052NCEN,,,,,,,,,
United States,TX,Van Zandt County,Household Income,MHITX48467A052NCEN,,,,,,,,,
United States,TX,Victoria County,Household Income,MHITX48469A052NCEN,,,,,,,,,
United States,TX,Walker County,Household Income,MHITX48471A052NCEN,,,,,,,,,
United States,TX,Waller County,Household Income,MHITX48473A052NCEN,,,,,,,,,
United States,TX,Ward County,Household Income,MHITX48475A052NCEN,,,,,,,,,
United States,TX,Washington County,Household Income,MHITX48477A052NCEN,,,,,,,,,
United States,TX,Webb County,Household Income,MHITX48479A052NCEN,,,,,,,,,
United States,TX,Wharton County,Household Income,MHITX48481A052NCEN,,,,,,,,,
United States,TX,Wheeler County,Household Income,MHITX48483A052NCEN,,,,,,,,,
United States,TX,Wichita County,Household Income,MHITX48485A052NCEN,,,,,,,,,
United States,TX,Wilbarger County,Household Income,MHITX48487A052NCEN,,,,,,,,,
United States,TX,Willacy County,Household Income,MHITX48489A052NCEN,,,,,,,,,
United States,TX,Williamson County,Household Income,MHITX48491A052NCEN,,,,,,,,,
United States,TX,Wilson County,Household Income,MHITX48493A052NCEN,,,,,,,,,
United States,TX,Winkler County,Household Income,MHITX48495A052NCEN,,,,,,,,,
United States,TX,Wise County,Household Income,MHITX48497A052NCEN,,,,,,,,,
United States,TX,Wood County,Household Income,MHITX48499A052NCEN,,,,,,,,,
United States,TX,Yoakum County,Household Income,MHITX48501A052NCEN,,,,,,,,,
United States,TX,Young County,Household Income,MHITX48503A052NCEN,,,,,,,,,
United States,TX,Zapata County,Household Income,MHITX48505A052NCEN,,,,,,,,,
United States,TX,Zavala County,Household Income,MHITX48507A052NCEN,,,,,,,,,
United States,TX,Anderson County,Resident Population,TXANDE1POP,,,,,,,,,
United States,TX,Andrews County,Resident Population,TXANDR3POP,,,,,,,,,
United States,TX,Angelina County,Resident Population,TXANGE5POP,,,,,,,,,
United States,TX,Aransas County,Resident Population,TXARAN7POP,,,,,,,,,
United States,TX,Archer County,Resident Population,TXARCH9POP,,,,,,,,,
United States,TX,Armstrong County,Resident Population,TXARMS1POP,,,,,,,,,
United States,TX,Atascosa County,Resident Population,TXATAS3POP,,,,,,,,,
United States,TX,Austin County,Resident Population,TXAUST5POP,,,,,,,,,
United States,TX,Bailey County,Resident Population,TXBAIL7POP,,,,,,,,,
United States,TX,Bandera County,Resident Population,TXBAND9POP,,,,,,,,,
United States,TX,Bastrop County,Resident Population,TXBAST1POP,,,,,,,,,
United States,TX,Baylor County,Resident Population,TXBAYL3POP,,,,,,,,,
United States,TX,Bee County,Resident Population,TXBEE5POP,,,,,,,,,
United States,TX,Bell County,Resident Population,TXBELL7POP,,,,,,,,,
United States,TX,Bexar County,Resident Population,TXBEXA9POP,,,,,,,,,
United States,TX,Blanco County,Resident Population,TXBLAN1POP,,,,,,,,,
United States,TX,Borden County,Resident Population,TXBORD3POP,,,,,,,,,
United States,TX,Bosque County,Resident Population,TXBOSQ5POP,,,,,,,,,
United States,TX,Bowie County,Resident Population,TXBOWI7POP,,,,,,,,,
United States,TX,Brazoria County,Resident Population,TXBRAZ9POP,,,,,,,,,
United States,TX,Brazos County,Resident Population,TXBRAZ1POP,,,,,,,,,
United States,TX,Brewster County,Resident Population,TXBREW3POP,,,,,,,,,
United States,TX,Briscoe County,Resident Population,TXBRIS5POP,,,,,,,,,
United States,TX,Brooks County,Resident Population,TXBROO7POP,,,,,,,,,
United States,TX,Brown County,Resident Population,TXBROW9POP,,,,,,,,,
United States,TX,Burleson County,Resident Population,TXBURL1POP,,,,,,,,,
United States,TX,Burnet County,Resident Population,TXBURN3POP,,,,,,,,,
United States,TX,Caldwell County,Resident Population,TXCALD5POP,,,,,,,,,
United States,TX,Calhoun County,Resident Population,TXCALH7POP,,,,,,,,,
United States,TX,Callahan County,Resident Population,TXCALL9POP,,,,,,,,,
United States,TX,Cameron County,Resident Population,TXCAME1POP,,,,,,,,,
United States,TX,Camp County,Resident Population,TXCAMP3POP,,,,,,,,,
United States,TX,Carson County,Resident Population,TXCARS5POP,,,,,,,,,
United States,TX,Cass County,Resident Population,TXCASS7POP,,,,,,,,,
United States,TX,Castro County,Resident Population,TXCAST9POP,,,,,,,,,
United States,TX,Chambers County,Resident Population,TXCHAM1POP,,,,,,,,,
United States,TX,Cherokee County,Resident Population,TXCHER3POP,,,,,,,,,
United States,TX,Childress County,Resident Population,TXCHIL5POP,,,,,,,,,
United States,TX,Clay County,Resident Population,TXCLAY7POP,,,,,,,,,
United States,TX,Cochran County,Resident Population,TXCOCH9POP,,,,,,,,,
United States,TX,Coke County,Resident Population,TXCOKE1POP,,,,,,,,,
United States,TX,Coleman County,Resident Population,TXCOLE3POP,,,,,,,,,
United States,TX,Collin County,Resident Population,TXCOLL5POP,,,,,,,,,
United States,TX,Collingsworth County,Resident Population,TXCOLL7POP,,,,,,,,,
United States,TX,Colorado County,Resident Population,TXCOLO9POP,,,,,,,,,
United States,TX,Comal County,Resident Population,TXCOMA1POP,,,,,,,,,
United States,TX,Comanche County,Resident Population,TXCOMA3POP,,,,,,,,,
United States,TX,Concho County,Resident Population,TXCONC5POP,,,,,,,,,
United States,TX,Cooke County,Resident Population,TXCOOK7POP,,,,,,,,,
United States,TX,Coryell County,Resident Population,TXCORY9POP,,,,,,,,,
United States,TX,Cottle County,Resident Population,TXCOTT1POP,,,,,,,,,
United States,TX,Crane County,Resident Population,TXCRAN3POP,,,,,,,,,
United States,TX,Crockett County,Resident Population,TXCROC5POP,,,,,,,,,
United States,TX,Crosby County,Resident Population,TXCROS7POP,,,,,,,,,
United States,TX,Culberson County,Resident Population,TXCULB9POP,,,,,,,,,
United States,TX,Dallam County,Resident Population,TXDALL1POP,,,,,,,,,
United States,TX,Dallas County,Resident Population,TXDALL3POP,,,,,,,,,
United States,TX,Dawson County,Resident Population,TXDAWS5POP,,,,,,,,,
United States,TX,Deaf Smith County,Resident Population,TXDEAF7POP,,,,,,,,,
United States,TX,Delta County,Resident Population,TXDELT9POP,,,,,,,,,
United States,TX,Denton County,Resident Population,TXDENT1POP,,,,,,,,,
United States,TX,De Witt County,Resident Population,TXDE W3POP,,,,,,,,,
United States,TX,Dickens County,Resident Population,TXDICK5POP,,,,,,,,,
United States,TX,Dimmit County,Resident Population,TXDIMM7POP,,,,,,,,,
United States,TX,Donley County,Resident Population,TXDONL9POP,,,,,,,,,
United States,TX,Duval County,Resident Population,TXDUVA1POP,,,,,,,,,
United States,TX,Eastland County,Resident Population,TXEAST3POP,,,,,,,,,
United States,TX,Ector County,Resident Population,TXECTO5POP,,,,,,,,,
United States,TX,Edwards County,Resident Population,TXEDWA7POP,,,,,,,,,
United States,TX,Ellis County,Resident Population,TXELLI9POP,,,,,,,,,
United States,TX,El Paso County,Resident Population,TXEL P1POP,,,,,,,,,
United States,TX,Erath County,Resident Population,TXERAT3POP,,,,,,,,,
United States,TX,Falls County,Resident Population,TXFALL5POP,,,,,,,,,
United States,TX,Fannin County,Resident Population,TXFANN7POP,,,,,,,,,
United States,TX,Fayette County,Resident Population,TXFAYE9POP,,,,,,,,,
United States,TX,Fisher County,Resident Population,TXFISH1POP,,,,,,,,,
United States,TX,Floyd County,Resident Population,TXFLOY3POP,,,,,,,,,
United States,TX,Foard County,Resident Population,TXFOAR5POP,,,,,,,,,
United States,TX,Fort Bend County,Resident Population,TXFORT7POP,,,,,,,,,
United States,TX,Franklin County,Resident Population,TXFRAN9POP,,,,,,,,,
United States,TX,Freestone County,Resident Population,TXFREE1POP,,,,,,,,,
United States,TX,Frio County,Resident Population,TXFRIO3POP,,,,,,,,,
United States,TX,Gaines County,Resident Population,TXGAIN5POP,,,,,,,,,
United States,TX,Galveston County,Resident Population,TXGALV7POP,,,,,,,,,
United States,TX,Garza County,Resident Population,TXGARZ9POP,,,,,,,,,
United States,TX,Gillespie County,Resident Population,TXGILL1POP,,,,,,,,,
United States,TX,Glasscock County,Resident Population,TXGLAS3POP,,,,,,,,,
United States,TX,Goliad County,Resident Population,TXGOLI5POP,,,,,,,,,
United States,TX,Gonzales County,Resident Population,TXGONZ7POP,,,,,,,,,
United States,TX,Gray County,Resident Population,TXGRAY9POP,,,,,,,,,
United States,TX,Grayson County,Resident Population,TXGRAY1POP,,,,,,,,,
United States,TX,Gregg County,Resident Population,TXGREG3POP,,,,,,,,,
United States,TX,Grimes County,Resident Population,TXGRIM5POP,,,,,,,,,
United States,TX,Guadalupe County,Resident Population,TXGUAD7POP,,,,,,,,,
United States,TX,Hale County,Resident Population,TXHALE9POP,,,,,,,,,
United States,TX,Hall County,Resident Population,TXHALL1POP,,,,,,,,,
United States,TX,Hamilton County,Resident Population,TXHAMI3POP,,,,,,,,,
United States,TX,Hansford County,Resident Population,TXHANS5POP,,,,,,,,,
United States,TX,Hardeman County,Resident Population,TXHARD7POP,,,,,,,,,
United States,TX,Hardin County,Resident Population,TXHARD9POP,,,,,,,,,
United States,TX,Harris County,Resident Population,TXHARR1POP,,,,,,,,,
United States,TX,Harrison County,Resident Population,TXHARR3POP,,,,,,,,,
United States,TX,Hartley County,Resident Population,TXHART5POP,,,,,,,,,
United States,TX,Haskell County,Resident Population,TXHASK7POP,,,,,,,,,
United States,TX,Hays County,Resident Population,TXHAYS9POP,,,,,,,,,
United States,TX,Hemphill County,Resident Population,TXHEMP1POP,,,,,,,,,
United States,TX,Henderson County,Resident Population,TXHEND3POP,,,,,,,,,
United States,TX,Hidalgo County,Resident Population,TXHIDA5POP,,,,,,,,,
United States,TX,Hill County,Resident Population,TXHILL7POP,,,,,,,,,
United States,TX,Hockley County,Resident Population,TXHOCK9POP,,,,,,,,,
United States,TX,Hood County,Resident Population,TXHOOD1POP,,,,,,,,,
United States,TX,Hopkins County,Resident Population,TXHOPK3POP,,,,,,,,,
United States,TX,Houston County,Resident Population,TXHOUS5POP,,,,,,,,,
United States,TX,Howard County,Resident Population,TXHOWA7POP,,,,,,,,,
United States,TX,Hudspeth County,Resident Population,TXHUDS9POP,,,,,,,,,
United States,TX,Hunt County,Resident Population,TXHUNT1POP,,,,,,,,,
United States,TX,Hutchinson County,Resident Population,TXHUTC3POP,,,,,,,,,
United States,TX,Irion County,Resident Population,TXIRIO5POP,,,,,,,,,
United States,TX,Jack County,Resident Population,TXJACK7POP,,,,,,,,,
United States,TX,Jackson County,Resident Population,TXJACK9POP,,,,,,,,,
United States,TX,Jasper County,Resident Population,TXJASP1POP,,,,,,,,,
United States,TX,Jeff Davis County,Resident Population,TXJEFF3POP,,,,,,,,,
United States,TX,Jefferson County,Resident Population,TXJEFF5POP,,,,,,,,,
United States,TX,Jim Hogg County,Resident Population,TXJIM7POP,,,,,,,,,
United States,TX,Jim Wells County,Resident Population,TXJIM9POP,,,,,,,,,
United States,TX,Johnson County,Resident Population,TXJOHN1POP,,,,,,,,,
United States,TX,Jones County,Resident Population,TXJONE3POP,,,,,,,,,
United States,TX,Karnes County,Resident Population,TXKARN5POP,,,,,,,,,
United States,TX,Kaufman County,Resident Population,TXKAUF7POP,,,,,,,,,
United States,TX,Kendall County,Resident Population,TXKEND9POP,,,,,,,,,
United States,TX,Kenedy County,Resident Population,TXKENE1POP,,,,,,,,,
United States,TX,Kent County,Resident Population,TXKENT3POP,,,,,,,,,
United States,TX,Kerr County,Resident Population,TXKERR5POP,,,,,,,,,
United States,TX,Kimble County,Resident Population,TXKIMB7POP,,,,,,,,,
United States,TX,King County,Resident Population,TXKING9POP,,,,,,,,,
United States,TX,Kinney County,Resident Population,TXKINN1POP,,,,,,,,,
United States,TX,Kleberg County,Resident Population,TXKLEB3POP,,,,,,,,,
United States,TX,Knox County,Resident Population,TXKNOX5POP,,,,,,,,,
United States,TX,Lamar County,Resident Population,TXLAMA7POP,,,,,,,,,
United States,TX,Lamb County,Resident Population,TXLAMB9POP,,,,,,,,,
United States,TX,Lampasas County,Resident Population,TXLAMP1POP,,,,,,,,,
United States,TX,La Salle County,Resident Population,TXLA S3POP,,,,,,,,,
United States,TX,Lavaca County,Resident Population,TXLAVA5POP,,,,,,,,,
United States,TX,Lee County,Resident Population,TXLEE7POP,,,,,,,,,
United States,TX,Leon County,Resident Population,TXLEON9POP,,,,,,,,,
United States,TX,Liberty County,Resident Population,TXLIBE1POP,,,,,,,,,
United States,TX,Limestone County,Resident Population,TXLIME3POP,,,,,,,,,
United States,TX,Lipscomb County,Resident Population,TXLIPS5POP,,,,,,,,,
United States,TX,Live Oak County,Resident Population,TXLIVE7POP,,,,,,,,,
United States,TX,Llano County,Resident Population,TXLLAN9POP,,,,,,,,,
United States,TX,Loving County,Resident Population,TXLOVI1POP,,,,,,,,,
United States,TX,Lubbock County,Resident Population,TXLUBB3POP,,,,,,,,,
United States,TX,Lynn County,Resident Population,TXLYNN5POP,,,,,,,,,
United States,TX,Madison County,Resident Population,TXMADI7POP,,,,,,,,,
United States,TX,Marion County,Resident Population,TXMARI9POP,,,,,,,,,
United States,TX,Martin County,Resident Population,TXMART1POP,,,,,,,,,
United States,TX,Mason County,Resident Population,TXMASO3POP,,,,,,,,,
United States,TX,Matagorda County,Resident Population,TXMATA5POP,,,,,,,,,
United States,TX,Maverick County,Resident Population,TXMAVE7POP,,,,,,,,,
United States,TX,McCulloch County,Resident Population,TXMCCU9POP,,,,,,,,,
United States,TX,McLennan County,Resident Population,TXMCLE1POP,,,,,,,,,
United States,TX,McMullen County,Resident Population,TXMCMU3POP,,,,,,,,,
United States,TX,Medina County,Resident Population,TXMEDI5POP,,,,,,,,,
United States,TX,Menard County,Resident Population,TXMENA7POP,,,,,,,,,
United States,TX,Midland County,Resident Population,TXMIDL9POP,,,,,,,,,
United States,TX,Milam County,Resident Population,TXMILA1POP,,,,,,,,,
United States,TX,Mills County,Resident Population,TXMILL3POP,,,,,,,,,
United States,TX,Mitchell County,Resident Population,TXMITC5POP,,,,,,,,,
United States,TX,Montague County,Resident Population,TXMONT7POP,,,,,,,,,
United States,TX,Montgomery County,Resident Population,TXMONT9POP,,,,,,,,,
United States,TX,Moore County,Resident Population,TXMOOR1POP,,,,,,,,,
United States,TX,Morris County,Resident Population,TXMORR3POP,,,,,,,,,
United States,TX,Motley County,Resident Population,TXMOTL5POP,,,,,,,,,
United States,TX,Nacogdoches County,Resident Population,TXNACO7POP,,,,,,,,,
United States,TX,Navarro County,Resident Population,TXNAVA9POP,,,,,,,,,
United States,TX,Newton County,Resident Population,TXNEWT1POP,,,,,,,,,
United States,TX,Nolan County,Resident Population,TXNOLA3POP,,,,,,,,,
United States,TX,Nueces County,Resident Population,TXNUEC5POP,,,,,,,,,
United States,TX,Ochiltree County,Resident Population,TXOCHI7POP,,,,,,,,,
United States,TX,Oldham County,Resident Population,TXOLDH9POP,,,,,,,,,
United States,TX,Orange County,Resident Population,TXORAN1POP,,,,,,,,,
United States,TX,Palo Pinto County,Resident Population,TXPALO3POP,,,,,,,,,
United States,TX,Panola County,Resident Population,TXPANO5POP,,,,,,,,,
United States,TX,Parker County,Resident Population,TXPARK7POP,,,,,,,,,
United States,TX,Parmer County,Resident Population,TXPARM9POP,,,,,,,,,
United States,TX,Pecos County,Resident Population,TXPECO1POP,,,,,,,,,
United States,TX,Polk County,Resident Population,TXPOLK3POP,,,,,,,,,
United States,TX,Potter County,Resident Population,TXPOTT5POP,,,,,,,,,
United States,TX,Presidio County,Resident Population,TXPRES7POP,,,,,,,,,
United States,TX,Rains County,Resident Population,TXRAIN9POP,,,,,,,,,
United States,TX,Randall County,Resident Population,TXRAND1POP,,,,,,,,,
United States,TX,Reagan County,Resident Population,TXREAG3POP,,,,,,,,,
United States,TX,Real County,Resident Population,TXREAL5POP,,,,,,,,,
United States,TX,Red River County,Resident Population,TXRED7POP,,,,,,,,,
United States,TX,Reeves County,Resident Population,TXREEV9POP,,,,,,,,,
United States,TX,Refugio County,Resident Population,TXREFU1POP,,,,,,,,,
United States,TX,Roberts County,Resident Population,TXROBE3POP,,,,,,,,,
United States,TX,Robertson County,Resident Population,TXROBE5POP,,,,,,,,,
United States,TX,Rockwall County,Resident Population,TXROCK7POP,,,,,,,,,
United States,TX,Runnels County,Resident Population,TXRUNN9POP,,,,,,,,,
United States,TX,Rusk County,Resident Population,TXRUSK1POP,,,,,,,,,
United States,TX,Sabine County,Resident Population,TXSABI3POP,,,,,,,,,
United States,TX,San Augustine County,Resident Population,TXSAN5POP,,,,,,,,,
United States,TX,San Jacinto County,Resident Population,TXSAN7POP,,,,,,,,,
United States,TX,San Patricio County,Resident Population,TXSAN9POP,,,,,,,,,
United States,TX,San Saba County,Resident Population,TXSAN1POP,,,,,,,,,
United States,TX,Schleicher County,Resident Population,TXSCHL3POP,,,,,,,,,
United States,TX,Scurry County,Resident Population,TXSCUR5POP,,,,,,,,,
United States,TX,Shackelford County,Resident Population,TXSHAC7POP,,,,,,,,,
United States,TX,Shelby County,Resident Population,TXSHEL9POP,,,,,,,,,
United States,TX,Sherman County,Resident Population,TXSHER1POP,,,,,,,,,
United States,TX,Smith County,Resident Population,TXSMIT3POP,,,,,,,,,
United States,TX,Somervell County,Resident Population,TXSOME5POP,,,,,,,,,
United States,TX,Starr County,Resident Population,TXSTAR7POP,,,,,,,,,
United States,TX,Stephens County,Resident Population,TXSTEP9POP,,,,,,,,,
United States,TX,Sterling County,Resident Population,TXSTER1POP,,,,,,,,,
United States,TX,Stonewall County,Resident Population,TXSTON3POP,,,,,,,,,
United States,TX,Sutton County,Resident Population,TXSUTT5POP,,,,,,,,,
United States,TX,Swisher County,Resident Population,TXSWIS7POP,,,,,,,,,
United States,TX,Tarrant County,Resident Population,TXTARR9POP,,,,,,,,,
United States,TX,Taylor County,Resident Population,TXTAYL1POP,,,,,,,,,
United States,TX,Terrell County,Resident Population,TXTERR3POP,,,,,,,,,
United States,TX,Terry County,Resident Population,TXTERR5POP,,,,,,,,,
United States,TX,Throckmorton County,Resident Population,TXTHRO7POP,,,,,,,,,
United States,TX,Titus County,Resident Population,TXTITU9POP,,,,,,,,,
United States,TX,Tom Green County,Resident Population,TXTOM1POP,,,,,,,,,
United States,TX,Travis County,Resident Population,TXTRAV3POP,,,,,,,,,
United States,TX,Trinity County,Resident Population,TXTRIN5POP,,,,,,,,,
United States,TX,Tyler County,Resident Population,TXTYLE7POP,,,,,,,,,
United States,TX,Upshur County,Resident Population,TXUPSH9POP,,,,,,,,,
United States,TX,Upton County,Resident Population,TXUPTO1POP,,,,,,,,,
United States,TX,Uvalde County,Resident Population,TXUVAL3POP,,,,,,,,,
United States,TX,Val Verde County,Resident Population,TXVAL5POP,,,,,,,,,
United States,TX,Van Zandt County,Resident Population,TXVAN7POP,,,,,,,,,
United States,TX,Victoria County,Resident Population,TXVICT9POP,,,,,,,,,
United States,TX,Walker County,Resident Population,TXWALK1POP,,,,,,,,,
United States,TX,Waller County,Resident Population,TXWALL3POP,,,,,,,,,
United States,TX,Ward County,Resident Population,TXWARD5POP,,,,,,,,,
United States,TX,Washington County,Resident Population,TXWASH7POP,,,,,,,,,
United States,TX,Webb County,Resident Population,TXWEBB9POP,,,,,,,,,
United States,TX,Wharton County,Resident Population,TXWHAR1POP,,,,,,,,,
United States,TX,Wheeler County,Resident Population,TXWHEE3POP,,,,,,,,,
United States,TX,Wichita County,Resident Population,TXWICH5POP,,,,,,,,,
United States,TX,Wilbarger County,Resident Population,TXWILB7POP,,,,,,,,,
United States,TX,Willacy County,Resident Population,TXWILL9POP,,,,,,,,,
United States,TX,Williamson County,Resident Population,TXWILL1POP,,,,,,,,,
United States,TX,Wilson County,Resident Population,TXWILS3POP,,,,,,,,,
United States,TX,Winkler County,Resident Population,TXWINK5POP,,,,,,,,,
United States,TX,Wise County,Resident Population,TXWISE7POP,,,,,,,,,
United States,TX,Wood County,Resident Population,TXWOOD9POP,,,,,,,,,
United States,TX,Yoakum County,Resident Population,TXYOAK1POP,,,,,,,,,
United States,TX,Young County,Resident Population,TXYOUN3POP,,,,,,,,,
United States,TX,Zapata County,Resident Population,TXZAPA5POP,,,,,,,,,
United States,TX,Zavala County,Resident Population,TXZAVA7POP,,,,,,,,,
